Workbook

Sheet Settings
A1: Codex Reset Benefit Calculator | Settings
A3: Parameters | B3: Value | C3: Instructions | E3: Code | F3: Meaning | G3: Description
A4: First Subscription Cycle Start Date | C4: Enter a date in YYYY/M/D format, e.g. 2026/3/1 | E4: T | F4: Tibo Global Reset | G4: Manual entry; included in total reset count and extra benefit
A5: Monthly Renewal Day | C5: Enter the monthly renewal day, e.g. 1 | E5: B | F5: Banked Reset | G5: Manual entry; included in total reset count and extra benefit
A6: Monthly Fee | C6: Enter the actual subscription price, e.g. 20 | E6: P | F6: Paid Reset | G6: Manual entry; included in total reset count and extra benefit
A7: Days Used for Monthly Calculation | B7: 30 | C7: Enter the number of days used for the monthly average, e.g. 30 | E7: O | F7: Other Reset | G7: Manual entry; included in total reset count and extra benefit
A8: Weekly Cycle Length (Days) | B8: 7 | C8: Enter the weekly reset cycle length in days, e.g. 7 | E8: W | F8: Weekly Reset | G8: Auto-generated; included in total reset count, but not extra benefit
A9: Share of Weekly Allowance per 5-hour Window | B9: =1/B8 -> 0.14285714 | C9: Auto-calculated: share of weekly allowance per 5-hour window; no input needed
A10: Equivalent Cost per 5-hour Allowance | B10: =B6/B7 -> 0 | C10: Auto-calculated: equivalent cost per 5-hour allowance; no input needed | E10: Weekly reset rule: W is generated automatically every 7 days after the subscription starts. If T / B / P / O is entered during the cycle, that date immediately becomes the new weekly cycle start, and subsequent W resets are recalculated every 7 days from that date. W counts toward the total reset count but not toward extra benefit.
A11: Nominal Value of One Weekly Allowance | B11: =B10*B8 -> 0 | C11: Auto-calculated: nominal value of one weekly allowance; no input needed
A12: Minimum Days for Plus to Exhaust Weekly Allowance | B12: 2 | C12: Enter the minimum number of days needed to use the full weekly allowance, e.g. 2
A14: Calculation Rules | B14: Formula / Meaning
A15: Single Reset Benefit Rate | B15: Days remaining until the original next weekly reset ÷ 7
A16: Monthly Equivalent Extra Reset Count | B16: Cumulative days brought forward in this subscription cycle ÷ 7
A17: Plus Cost-Effective Reset Threshold | B17: =(B8-B12)/B8 -> 0.71428571
A18: Theoretical Maximum Equivalent Value of Two Banked Resets | B18: =B17*2*B11 -> 0

Sheet Daily Records
A1: Annual Daily Reset Log | Enter T / B / P / O only in "Manual Reset"; W is generated automatically
A3: Date | B3: Day | C3: Subscription Cycle Start | D3: Manual Reset | E3: Reset Event | F3: Original Next Weekly Reset | G3: Days Brought Forward | H3: Time-Equivalent Benefit Rate | I3: Equivalent Value | J3: Rating
A4: =IF(Settings!$B$4="","",IF(Settings!$B$4+ROW()-4<EDATE(Settings!$B$4,12),Settings!$B$4+ROW()-4,"")) | B4: =IF(A4="","",CHOOSE(WEEKDAY(A4,2),"Mon","Tue","Wed","Thu","Fri","Sat","Sun")) | C4: =IF(A4="","",IF(DAY(A4)>=Settings!$B$5,DATE(YEAR(A4),MONTH(A4),Settings!$B$5),DATE(YEAR(EDATE(A4,-1)),MONTH(EDATE(A4,-1)),Settings!$B$5))) | E4: =IF(A4="","",IF(D4<>"",D4,IF(A4=F4,"W",""))) | F4: =IF(A4="","",Settings!$B$4+Settings!$B$8) | G4: =IF(OR(A4="",D4=""),"",MAX(0,F4-A4)) | H4: =IF(G4="","",G4/Settings!$B$8) | I4: =IF(H4="","",H4*Settings!$B$11) | J4: =IF(E4="","",IF(E4="W","Weekly Reset",IF(H4>=1,"Very High Benefit; High Unused-Allowance Risk",IF(H4>Settings!$B$17,"Highly Beneficial; Allowance May Be Underused",IF(H4>=Settings!$B$17,"Highly Beneficial",IF(H4>=0.4,"Moderate",IF(H4>0,"Low Benefit","No Advance Benefit"))))))) | K4: =IF(A4="","",IF(D4<>"",A4,IF(A4=F4,A4,Settings!$B$4)))
A5: =IF(Settings!$B$4="","",IF(Settings!$B$4+ROW()-4<EDATE(Settings!$B$4,12),Settings!$B$4+ROW()-4,"")) | B5: =IF(A5="","",CHOOSE(WEEKDAY(A5,2),"Mon","Tue","Wed","Thu","Fri","Sat","Sun")) | C5: =IF(A5="","",IF(DAY(A5)>=Settings!$B$5,DATE(YEAR(A5),MONTH(A5),Settings!$B$5),DATE(YEAR(EDATE(A5,-1)),MONTH(EDATE(A5,-1)),Settings!$B$5))) | E5: =IF(A5="","",IF(D5<>"",D5,IF(A5=F5,"W",""))) | F5: =IF(A5="","",K4+Settings!$B$8) | G5: =IF(OR(A5="",D5=""),"",MAX(0,F5-A5)) | H5: =IF(G5="","",G5/Settings!$B$8) | I5: =IF(H5="","",H5*Settings!$B$11) | J5: =IF(E5="","",IF(E5="W","Weekly Reset",IF(H5>=1,"Very High Benefit; High Unused-Allowance Risk",IF(H5>Settings!$B$17,"Highly Beneficial; Allowance May Be Underused",IF(H5>=Settings!$B$17,"Highly Beneficial",IF(H5>=0.4,"Moderate",IF(H5>0,"Low Benefit","No Advance Benefit"))))))) | K5: =IF(A5="","",IF(D5<>"",A5,IF(A5=F5,A5,K4)))
A6: =IF(Settings!$B$4="","",IF(Settings!$B$4+ROW()-4<EDATE(Settings!$B$4,12),Settings!$B$4+ROW()-4,"")) | B6: =IF(A6="","",CHOOSE(WEEKDAY(A6,2),"Mon","Tue","Wed","Thu","Fri","Sat","Sun")) | C6: =IF(A6="","",IF(DAY(A6)>=Settings!$B$5,DATE(YEAR(A6),MONTH(A6),Settings!$B$5),DATE(YEAR(EDATE(A6,-1)),MONTH(EDATE(A6,-1)),Settings!$B$5))) | E6: =IF(A6="","",IF(D6<>"",D6,IF(A6=F6,"W",""))) | F6: =IF(A6="","",K5+Settings!$B$8) | G6: =IF(OR(A6="",D6=""),"",MAX(0,F6-A6)) | H6: =IF(G6="","",G6/Settings!$B$8) | I6: =IF(H6="","",H6*Settings!$B$11) | J6: =IF(E6="","",IF(E6="W","Weekly Reset",IF(H6>=1,"Very High Benefit; High Unused-Allowance Risk",IF(H6>Settings!$B$17,"Highly Beneficial; Allowance May Be Underused",IF(H6>=Settings!$B$17,"Highly Beneficial",IF(H6>=0.4,"Moderate",IF(H6>0,"Low Benefit","No Advance Benefit"))))))) | K6: =IF(A6="","",IF(D6<>"",A6,IF(A6=F6,A6,K5)))
A7: =IF(Settings!$B$4="","",IF(Settings!$B$4+ROW()-4<EDATE(Settings!$B$4,12),Settings!$B$4+ROW()-4,"")) | B7: =IF(A7="","",CHOOSE(WEEKDAY(A7,2),"Mon","Tue","Wed","Thu","Fri","Sat","Sun")) | C7: =IF(A7="","",IF(DAY(A7)>=Settings!$B$5,DATE(YEAR(A7),MONTH(A7),Settings!$B$5),DATE(YEAR(EDATE(A7,-1)),MONTH(EDATE(A7,-1)),Settings!$B$5))) | E7: =IF(A7="","",IF(D7<>"",D7,IF(A7=F7,"W",""))) | F7: =IF(A7="","",K6+Settings!$B$8) | G7: =IF(OR(A7="",D7=""),"",MAX(0,F7-A7)) | H7: =IF(G7="","",G7/Settings!$B$8) | I7: =IF(H7="","",H7*Settings!$B$11) | J7: =IF(E7="","",IF(E7="W","Weekly Reset",IF(H7>=1,"Very High Benefit; High Unused-Allowance Risk",IF(H7>Settings!$B$17,"Highly Beneficial; Allowance May Be Underused",IF(H7>=Settings!$B$17,"Highly Beneficial",IF(H7>=0.4,"Moderate",IF(H7>0,"Low Benefit","No Advance Benefit"))))))) | K7: =IF(A7="","",IF(D7<>"",A7,IF(A7=F7,A7,K6)))
A8: =IF(Settings!$B$4="","",IF(Settings!$B$4+ROW()-4<EDATE(Settings!$B$4,12),Settings!$B$4+ROW()-4,"")) | B8: =IF(A8="","",CHOOSE(WEEKDAY(A8,2),"Mon","Tue","Wed","Thu","Fri","Sat","Sun")) | C8: =IF(A8="","",IF(DAY(A8)>=Settings!$B$5,DATE(YEAR(A8),MONTH(A8),Settings!$B$5),DATE(YEAR(EDATE(A8,-1)),MONTH(EDATE(A8,-1)),Settings!$B$5))) | E8: =IF(A8="","",IF(D8<>"",D8,IF(A8=F8,"W",""))) | F8: =IF(A8="","",K7+Settings!$B$8) | G8: =IF(OR(A8="",D8=""),"",MAX(0,F8-A8)) | H8: =IF(G8="","",G8/Settings!$B$8) | I8: =IF(H8="","",H8*Settings!$B$11) | J8: =IF(E8="","",IF(E8="W","Weekly Reset",IF(H8>=1,"Very High Benefit; High Unused-Allowance Risk",IF(H8>Settings!$B$17,"Highly Beneficial; Allowance May Be Underused",IF(H8>=Settings!$B$17,"Highly Beneficial",IF(H8>=0.4,"Moderate",IF(H8>0,"Low Benefit","No Advance Benefit"))))))) | K8: =IF(A8="","",IF(D8<>"",A8,IF(A8=F8,A8,K7)))
A9: =IF(Settings!$B$4="","",IF(Settings!$B$4+ROW()-4<EDATE(Settings!$B$4,12),Settings!$B$4+ROW()-4,"")) | B9: =IF(A9="","",CHOOSE(WEEKDAY(A9,2),"Mon","Tue","Wed","Thu","Fri","Sat","Sun")) | C9: =IF(A9="","",IF(DAY(A9)>=Settings!$B$5,DATE(YEAR(A9),MONTH(A9),Settings!$B$5),DATE(YEAR(EDATE(A9,-1)),MONTH(EDATE(A9,-1)),Settings!$B$5))) | E9: =IF(A9="","",IF(D9<>"",D9,IF(A9=F9,"W",""))) | F9: =IF(A9="","",K8+Settings!$B$8) | G9: =IF(OR(A9="",D9=""),"",MAX(0,F9-A9)) | H9: =IF(G9="","",G9/Settings!$B$8) | I9: =IF(H9="","",H9*Settings!$B$11) | J9: =IF(E9="","",IF(E9="W","Weekly Reset",IF(H9>=1,"Very High Benefit; High Unused-Allowance Risk",IF(H9>Settings!$B$17,"Highly Beneficial; Allowance May Be Underused",IF(H9>=Settings!$B$17,"Highly Beneficial",IF(H9>=0.4,"Moderate",IF(H9>0,"Low Benefit","No Advance Benefit"))))))) | K9: =IF(A9="","",IF(D9<>"",A9,IF(A9=F9,A9,K8)))
A10: =IF(Settings!$B$4="","",IF(Settings!$B$4+ROW()-4<EDATE(Settings!$B$4,12),Settings!$B$4+ROW()-4,"")) | B10: =IF(A10="","",CHOOSE(WEEKDAY(A10,2),"Mon","Tue","Wed","Thu","Fri","Sat","Sun")) | C10: =IF(A10="","",IF(DAY(A10)>=Settings!$B$5,DATE(YEAR(A10),MONTH(A10),Settings!$B$5),DATE(YEAR(EDATE(A10,-1)),MONTH(EDATE(A10,-1)),Settings!$B$5))) | E10: =IF(A10="","",IF(D10<>"",D10,IF(A10=F10,"W",""))) | F10: =IF(A10="","",K9+Settings!$B$8) | G10: =IF(OR(A10="",D10=""),"",MAX(0,F10-A10)) | H10: =IF(G10="","",G10/Settings!$B$8) | I10: =IF(H10="","",H10*Settings!$B$11) | J10: =IF(E10="","",IF(E10="W","Weekly Reset",IF(H10>=1,"Very High Benefit; High Unused-Allowance Risk",IF(H10>Settings!$B$17,"Highly Beneficial; Allowance May Be Underused",IF(H10>=Settings!$B$17,"Highly Beneficial",IF(H10>=0.4,"Moderate",IF(H10>0,"Low Benefit","No Advance Benefit"))))))) | K10: =IF(A10="","",IF(D10<>"",A10,IF(A10=F10,A10,K9)))
A11: =IF(Settings!$B$4="","",IF(Settings!$B$4+ROW()-4<EDATE(Settings!$B$4,12),Settings!$B$4+ROW()-4,"")) | B11: =IF(A11="","",CHOOSE(WEEKDAY(A11,2),"Mon","Tue","Wed","Thu","Fri","Sat","Sun")) | C11: =IF(A11="","",IF(DAY(A11)>=Settings!$B$5,DATE(YEAR(A11),MONTH(A11),Settings!$B$5),DATE(YEAR(EDATE(A11,-1)),MONTH(EDATE(A11,-1)),Settings!$B$5))) | E11: =IF(A11="","",IF(D11<>"",D11,IF(A11=F11,"W",""))) | F11: =IF(A11="","",K10+Settings!$B$8) | G11: =IF(OR(A11="",D11=""),"",MAX(0,F11-A11)) | H11: =IF(G11="","",G11/Settings!$B$8) | I11: =IF(H11="","",H11*Settings!$B$11) | J11: =IF(E11="","",IF(E11="W","Weekly Reset",IF(H11>=1,"Very High Benefit; High Unused-Allowance Risk",IF(H11>Settings!$B$17,"Highly Beneficial; Allowance May Be Underused",IF(H11>=Settings!$B$17,"Highly Beneficial",IF(H11>=0.4,"Moderate",IF(H11>0,"Low Benefit","No Advance Benefit"))))))) | K11: =IF(A11="","",IF(D11<>"",A11,IF(A11=F11,A11,K10)))
A12: =IF(Settings!$B$4="","",IF(Settings!$B$4+ROW()-4<EDATE(Settings!$B$4,12),Settings!$B$4+ROW()-4,"")) | B12: =IF(A12="","",CHOOSE(WEEKDAY(A12,2),"Mon","Tue","Wed","Thu","Fri","Sat","Sun")) | C12: =IF(A12="","",IF(DAY(A12)>=Settings!$B$5,DATE(YEAR(A12),MONTH(A12),Settings!$B$5),DATE(YEAR(EDATE(A12,-1)),MONTH(EDATE(A12,-1)),Settings!$B$5))) | E12: =IF(A12="","",IF(D12<>"",D12,IF(A12=F12,"W",""))) | F12: =IF(A12="","",K11+Settings!$B$8) | G12: =IF(OR(A12="",D12=""),"",MAX(0,F12-A12)) | H12: =IF(G12="","",G12/Settings!$B$8) | I12: =IF(H12="","",H12*Settings!$B$11) | J12: =IF(E12="","",IF(E12="W","Weekly Reset",IF(H12>=1,"Very High Benefit; High Unused-Allowance Risk",IF(H12>Settings!$B$17,"Highly Beneficial; Allowance May Be Underused",IF(H12>=Settings!$B$17,"Highly Beneficial",IF(H12>=0.4,"Moderate",IF(H12>0,"Low Benefit","No Advance Benefit"))))))) | K12: =IF(A12="","",IF(D12<>"",A12,IF(A12=F12,A12,K11)))
A13: =IF(Settings!$B$4="","",IF(Settings!$B$4+ROW()-4<EDATE(Settings!$B$4,12),Settings!$B$4+ROW()-4,"")) | B13: =IF(A13="","",CHOOSE(WEEKDAY(A13,2),"Mon","Tue","Wed","Thu","Fri","Sat","Sun")) | C13: =IF(A13="","",IF(DAY(A13)>=Settings!$B$5,DATE(YEAR(A13),MONTH(A13),Settings!$B$5),DATE(YEAR(EDATE(A13,-1)),MONTH(EDATE(A13,-1)),Settings!$B$5))) | E13: =IF(A13="","",IF(D13<>"",D13,IF(A13=F13,"W",""))) | F13: =IF(A13="","",K12+Settings!$B$8) | G13: =IF(OR(A13="",D13=""),"",MAX(0,F13-A13)) | H13: =IF(G13="","",G13/Settings!$B$8) | I13: =IF(H13="","",H13*Settings!$B$11) | J13: =IF(E13="","",IF(E13="W","Weekly Reset",IF(H13>=1,"Very High Benefit; High Unused-Allowance Risk",IF(H13>Settings!$B$17,"Highly Beneficial; Allowance May Be Underused",IF(H13>=Settings!$B$17,"Highly Beneficial",IF(H13>=0.4,"Moderate",IF(H13>0,"Low Benefit","No Advance Benefit"))))))) | K13: =IF(A13="","",IF(D13<>"",A13,IF(A13=F13,A13,K12)))
A14: =IF(Settings!$B$4="","",IF(Settings!$B$4+ROW()-4<EDATE(Settings!$B$4,12),Settings!$B$4+ROW()-4,"")) | B14: =IF(A14="","",CHOOSE(WEEKDAY(A14,2),"Mon","Tue","Wed","Thu","Fri","Sat","Sun")) | C14: =IF(A14="","",IF(DAY(A14)>=Settings!$B$5,DATE(YEAR(A14),MONTH(A14),Settings!$B$5),DATE(YEAR(EDATE(A14,-1)),MONTH(EDATE(A14,-1)),Settings!$B$5))) | E14: =IF(A14="","",IF(D14<>"",D14,IF(A14=F14,"W",""))) | F14: =IF(A14="","",K13+Settings!$B$8) | G14: =IF(OR(A14="",D14=""),"",MAX(0,F14-A14)) | H14: =IF(G14="","",G14/Settings!$B$8) | I14: =IF(H14="","",H14*Settings!$B$11) | J14: =IF(E14="","",IF(E14="W","Weekly Reset",IF(H14>=1,"Very High Benefit; High Unused-Allowance Risk",IF(H14>Settings!$B$17,"Highly Beneficial; Allowance May Be Underused",IF(H14>=Settings!$B$17,"Highly Beneficial",IF(H14>=0.4,"Moderate",IF(H14>0,"Low Benefit","No Advance Benefit"))))))) | K14: =IF(A14="","",IF(D14<>"",A14,IF(A14=F14,A14,K13)))
A15: =IF(Settings!$B$4="","",IF(Settings!$B$4+ROW()-4<EDATE(Settings!$B$4,12),Settings!$B$4+ROW()-4,"")) | B15: =IF(A15="","",CHOOSE(WEEKDAY(A15,2),"Mon","Tue","Wed","Thu","Fri","Sat","Sun")) | C15: =IF(A15="","",IF(DAY(A15)>=Settings!$B$5,DATE(YEAR(A15),MONTH(A15),Settings!$B$5),DATE(YEAR(EDATE(A15,-1)),MONTH(EDATE(A15,-1)),Settings!$B$5))) | E15: =IF(A15="","",IF(D15<>"",D15,IF(A15=F15,"W",""))) | F15: =IF(A15="","",K14+Settings!$B$8) | G15: =IF(OR(A15="",D15=""),"",MAX(0,F15-A15)) | H15: =IF(G15="","",G15/Settings!$B$8) | I15: =IF(H15="","",H15*Settings!$B$11) | J15: =IF(E15="","",IF(E15="W","Weekly Reset",IF(H15>=1,"Very High Benefit; High Unused-Allowance Risk",IF(H15>Settings!$B$17,"Highly Beneficial; Allowance May Be Underused",IF(H15>=Settings!$B$17,"Highly Beneficial",IF(H15>=0.4,"Moderate",IF(H15>0,"Low Benefit","No Advance Benefit"))))))) | K15: =IF(A15="","",IF(D15<>"",A15,IF(A15=F15,A15,K14)))
A16: =IF(Settings!$B$4="","",IF(Settings!$B$4+ROW()-4<EDATE(Settings!$B$4,12),Settings!$B$4+ROW()-4,"")) | B16: =IF(A16="","",CHOOSE(WEEKDAY(A16,2),"Mon","Tue","Wed","Thu","Fri","Sat","Sun")) | C16: =IF(A16="","",IF(DAY(A16)>=Settings!$B$5,DATE(YEAR(A16),MONTH(A16),Settings!$B$5),DATE(YEAR(EDATE(A16,-1)),MONTH(EDATE(A16,-1)),Settings!$B$5))) | E16: =IF(A16="","",IF(D16<>"",D16,IF(A16=F16,"W",""))) | F16: =IF(A16="","",K15+Settings!$B$8) | G16: =IF(OR(A16="",D16=""),"",MAX(0,F16-A16)) | H16: =IF(G16="","",G16/Settings!$B$8) | I16: =IF(H16="","",H16*Settings!$B$11) | J16: =IF(E16="","",IF(E16="W","Weekly Reset",IF(H16>=1,"Very High Benefit; High Unused-Allowance Risk",IF(H16>Settings!$B$17,"Highly Beneficial; Allowance May Be Underused",IF(H16>=Settings!$B$17,"Highly Beneficial",IF(H16>=0.4,"Moderate",IF(H16>0,"Low Benefit","No Advance Benefit"))))))) | K16: =IF(A16="","",IF(D16<>"",A16,IF(A16=F16,A16,K15)))
... A369: =IF(Settings!$B$4="","",IF(Settings!$B$4+ROW()-4<EDATE(Settings!$B$4,12),Settings!$B$4+ROW()-4,"")) | B369: =IF(A369="","",CHOOSE(WEEKDAY(A369,2),"Mon","Tue","Wed","Thu","Fri","Sat","Sun")) | C369: =IF(A369="","",IF(DAY(A369)>=Settings!$B$5,DATE(YEAR(A369),MONTH(A369),Settings!$B$5),DATE(YEAR(EDATE(A369,-1)),MONTH(EDATE(A369,-1)),Settings!$B$5))) | E369: =IF(A369="","",IF(D369<>"",D369,IF(A369=F369,"W",""))) | F369: =IF(A369="","",K368+Settings!$B$8) | G369: =IF(OR(A369="",D369=""),"",MAX(0,F369-A369)) | H369: =IF(G369="","",G369/Settings!$B$8) | I369: =IF(H369="","",H369*Settings!$B$11) | J369: =IF(E369="","",IF(E369="W","Weekly Reset",IF(H369>=1,"Very High Benefit; High Unused-Allowance Risk",IF(H369>Settings!$B$17,"Highly Beneficial; Allowance May Be Underused",IF(H369>=Settings!$B$17,"Highly Beneficial",IF(H369>=0.4,"Moderate",IF(H369>0,"Low Benefit","No Advance Benefit"))))))) | K369: =IF(A369="","",IF(D369<>"",A369,IF(A369=F369,A369,K368)))

Sheet Monthly Summary
A1: Codex Reset Benefit | 12 Subscription Cycles Summary
A3: Monthly Fee | B3: =Settings!B6 -> 0 | C3: Nominal Weekly Allowance Value | D3: =Settings!B11 -> 0 | E3: Total Resets (Annual) | F3: =SUM(D7:D18) -> 0 | G3: Extra Resets (Annual) | H3: =SUM(F7:F18) -> 0
A4: Equivalent Cost per 5-hour Allowance | B4: =Settings!B10 -> 0 | C4: Plus Cost-Effective Reset Threshold | D4: =Settings!B17 -> 0.71428571 | E4: Equivalent Extra Weekly Allowances (Annual) | F4: =SUM(H7:H18) -> 0 | G4: Average Extra-Reset Benefit Rate | H4: =IF(SUM(F7:F18)=0,0,SUM(H7:H18)/SUM(F7:F18)) -> 0
A6: Cycle | B6: Start Date | C6: End Date | D6: Total Resets | E6: Weekly Resets (W) | F6: Extra Resets | G6: Cumulative Days Brought Forward | H6: Equivalent Extra Weekly Allowances | I6: Equivalent Value | J6: Average Time Advance Rate | K6: Notes
A7: =IF(B7="","",TEXT(B7,"yyyy-mm")) | B7: =IF(Settings!$B$4="","",Settings!$B$4) | C7: =IF(B7="","",EDATE(B7,1)-1) | D7: =IF(B7="","",E7+F7) | E7: =IF(B7="","",COUNTIFS('Daily Records'!$A$4:$A$369,">="&B7,'Daily Records'!$A$4:$A$369,"<="&C7,'Daily Records'!$E$4:$E$369,"W")) | F7: =IF(B7="","",COUNTIFS('Daily Records'!$A$4:$A$369,">="&B7,'Daily Records'!$A$4:$A$369,"<="&C7,'Daily Records'!$D$4:$D$369,"<>")) | G7: =IF(B7="","",SUMIFS('Daily Records'!$G$4:$G$369,'Daily Records'!$A$4:$A$369,">="&B7,'Daily Records'!$A$4:$A$369,"<="&C7)) | H7: =IF(B7="","",G7/Settings!$B$8) | I7: =IF(B7="","",H7*Settings!$B$11) | J7: =IF(B7="","",IF(F7=0,0,H7/F7)) | K7: =IF(B7="","",IF(D7=0,"Not Recorded",IF(F7=0,"Weekly Resets Only","Includes Extra Resets")))
A8: =IF(B8="","",TEXT(B8,"yyyy-mm")) | B8: =IF(B7="","",EDATE(B7,1)) | C8: =IF(B8="","",EDATE(B8,1)-1) | D8: =IF(B8="","",E8+F8) | E8: =IF(B8="","",COUNTIFS('Daily Records'!$A$4:$A$369,">="&B8,'Daily Records'!$A$4:$A$369,"<="&C8,'Daily Records'!$E$4:$E$369,"W")) | F8: =IF(B8="","",COUNTIFS('Daily Records'!$A$4:$A$369,">="&B8,'Daily Records'!$A$4:$A$369,"<="&C8,'Daily Records'!$D$4:$D$369,"<>")) | G8: =IF(B8="","",SUMIFS('Daily Records'!$G$4:$G$369,'Daily Records'!$A$4:$A$369,">="&B8,'Daily Records'!$A$4:$A$369,"<="&C8)) | H8: =IF(B8="","",G8/Settings!$B$8) | I8: =IF(B8="","",H8*Settings!$B$11) | J8: =IF(B8="","",IF(F8=0,0,H8/F8)) | K8: =IF(B8="","",IF(D8=0,"Not Recorded",IF(F8=0,"Weekly Resets Only","Includes Extra Resets")))
A9: =IF(B9="","",TEXT(B9,"yyyy-mm")) | B9: =IF(B8="","",EDATE(B8,1)) | C9: =IF(B9="","",EDATE(B9,1)-1) | D9: =IF(B9="","",E9+F9) | E9: =IF(B9="","",COUNTIFS('Daily Records'!$A$4:$A$369,">="&B9,'Daily Records'!$A$4:$A$369,"<="&C9,'Daily Records'!$E$4:$E$369,"W")) | F9: =IF(B9="","",COUNTIFS('Daily Records'!$A$4:$A$369,">="&B9,'Daily Records'!$A$4:$A$369,"<="&C9,'Daily Records'!$D$4:$D$369,"<>")) | G9: =IF(B9="","",SUMIFS('Daily Records'!$G$4:$G$369,'Daily Records'!$A$4:$A$369,">="&B9,'Daily Records'!$A$4:$A$369,"<="&C9)) | H9: =IF(B9="","",G9/Settings!$B$8) | I9: =IF(B9="","",H9*Settings!$B$11) | J9: =IF(B9="","",IF(F9=0,0,H9/F9)) | K9: =IF(B9="","",IF(D9=0,"Not Recorded",IF(F9=0,"Weekly Resets Only","Includes Extra Resets")))
A10: =IF(B10="","",TEXT(B10,"yyyy-mm")) | B10: =IF(B9="","",EDATE(B9,1)) | C10: =IF(B10="","",EDATE(B10,1)-1) | D10: =IF(B10="","",E10+F10) | E10: =IF(B10="","",COUNTIFS('Daily Records'!$A$4:$A$369,">="&B10,'Daily Records'!$A$4:$A$369,"<="&C10,'Daily Records'!$E$4:$E$369,"W")) | F10: =IF(B10="","",COUNTIFS('Daily Records'!$A$4:$A$369,">="&B10,'Daily Records'!$A$4:$A$369,"<="&C10,'Daily Records'!$D$4:$D$369,"<>")) | G10: =IF(B10="","",SUMIFS('Daily Records'!$G$4:$G$369,'Daily Records'!$A$4:$A$369,">="&B10,'Daily Records'!$A$4:$A$369,"<="&C10)) | H10: =IF(B10="","",G10/Settings!$B$8) | I10: =IF(B10="","",H10*Settings!$B$11) | J10: =IF(B10="","",IF(F10=0,0,H10/F10)) | K10: =IF(B10="","",IF(D10=0,"Not Recorded",IF(F10=0,"Weekly Resets Only","Includes Extra Resets")))
A11: =IF(B11="","",TEXT(B11,"yyyy-mm")) | B11: =IF(B10="","",EDATE(B10,1)) | C11: =IF(B11="","",EDATE(B11,1)-1) | D11: =IF(B11="","",E11+F11) | E11: =IF(B11="","",COUNTIFS('Daily Records'!$A$4:$A$369,">="&B11,'Daily Records'!$A$4:$A$369,"<="&C11,'Daily Records'!$E$4:$E$369,"W")) | F11: =IF(B11="","",COUNTIFS('Daily Records'!$A$4:$A$369,">="&B11,'Daily Records'!$A$4:$A$369,"<="&C11,'Daily Records'!$D$4:$D$369,"<>")) | G11: =IF(B11="","",SUMIFS('Daily Records'!$G$4:$G$369,'Daily Records'!$A$4:$A$369,">="&B11,'Daily Records'!$A$4:$A$369,"<="&C11)) | H11: =IF(B11="","",G11/Settings!$B$8) | I11: =IF(B11="","",H11*Settings!$B$11) | J11: =IF(B11="","",IF(F11=0,0,H11/F11)) | K11: =IF(B11="","",IF(D11=0,"Not Recorded",IF(F11=0,"Weekly Resets Only","Includes Extra Resets")))
A12: =IF(B12="","",TEXT(B12,"yyyy-mm")) | B12: =IF(B11="","",EDATE(B11,1)) | C12: =IF(B12="","",EDATE(B12,1)-1) | D12: =IF(B12="","",E12+F12) | E12: =IF(B12="","",COUNTIFS('Daily Records'!$A$4:$A$369,">="&B12,'Daily Records'!$A$4:$A$369,"<="&C12,'Daily Records'!$E$4:$E$369,"W")) | F12: =IF(B12="","",COUNTIFS('Daily Records'!$A$4:$A$369,">="&B12,'Daily Records'!$A$4:$A$369,"<="&C12,'Daily Records'!$D$4:$D$369,"<>")) | G12: =IF(B12="","",SUMIFS('Daily Records'!$G$4:$G$369,'Daily Records'!$A$4:$A$369,">="&B12,'Daily Records'!$A$4:$A$369,"<="&C12)) | H12: =IF(B12="","",G12/Settings!$B$8) | I12: =IF(B12="","",H12*Settings!$B$11) | J12: =IF(B12="","",IF(F12=0,0,H12/F12)) | K12: =IF(B12="","",IF(D12=0,"Not Recorded",IF(F12=0,"Weekly Resets Only","Includes Extra Resets")))
A13: =IF(B13="","",TEXT(B13,"yyyy-mm")) | B13: =IF(B12="","",EDATE(B12,1)) | C13: =IF(B13="","",EDATE(B13,1)-1) | D13: =IF(B13="","",E13+F13) | E13: =IF(B13="","",COUNTIFS('Daily Records'!$A$4:$A$369,">="&B13,'Daily Records'!$A$4:$A$369,"<="&C13,'Daily Records'!$E$4:$E$369,"W")) | F13: =IF(B13="","",COUNTIFS('Daily Records'!$A$4:$A$369,">="&B13,'Daily Records'!$A$4:$A$369,"<="&C13,'Daily Records'!$D$4:$D$369,"<>")) | G13: =IF(B13="","",SUMIFS('Daily Records'!$G$4:$G$369,'Daily Records'!$A$4:$A$369,">="&B13,'Daily Records'!$A$4:$A$369,"<="&C13)) | H13: =IF(B13="","",G13/Settings!$B$8) | I13: =IF(B13="","",H13*Settings!$B$11) | J13: =IF(B13="","",IF(F13=0,0,H13/F13)) | K13: =IF(B13="","",IF(D13=0,"Not Recorded",IF(F13=0,"Weekly Resets Only","Includes Extra Resets")))
A14: =IF(B14="","",TEXT(B14,"yyyy-mm")) | B14: =IF(B13="","",EDATE(B13,1)) | C14: =IF(B14="","",EDATE(B14,1)-1) | D14: =IF(B14="","",E14+F14) | E14: =IF(B14="","",COUNTIFS('Daily Records'!$A$4:$A$369,">="&B14,'Daily Records'!$A$4:$A$369,"<="&C14,'Daily Records'!$E$4:$E$369,"W")) | F14: =IF(B14="","",COUNTIFS('Daily Records'!$A$4:$A$369,">="&B14,'Daily Records'!$A$4:$A$369,"<="&C14,'Daily Records'!$D$4:$D$369,"<>")) | G14: =IF(B14="","",SUMIFS('Daily Records'!$G$4:$G$369,'Daily Records'!$A$4:$A$369,">="&B14,'Daily Records'!$A$4:$A$369,"<="&C14)) | H14: =IF(B14="","",G14/Settings!$B$8) | I14: =IF(B14="","",H14*Settings!$B$11) | J14: =IF(B14="","",IF(F14=0,0,H14/F14)) | K14: =IF(B14="","",IF(D14=0,"Not Recorded",IF(F14=0,"Weekly Resets Only","Includes Extra Resets")))
A15: =IF(B15="","",TEXT(B15,"yyyy-mm")) | B15: =IF(B14="","",EDATE(B14,1)) | C15: =IF(B15="","",EDATE(B15,1)-1) | D15: =IF(B15="","",E15+F15) | E15: =IF(B15="","",COUNTIFS('Daily Records'!$A$4:$A$369,">="&B15,'Daily Records'!$A$4:$A$369,"<="&C15,'Daily Records'!$E$4:$E$369,"W")) | F15: =IF(B15="","",COUNTIFS('Daily Records'!$A$4:$A$369,">="&B15,'Daily Records'!$A$4:$A$369,"<="&C15,'Daily Records'!$D$4:$D$369,"<>")) | G15: =IF(B15="","",SUMIFS('Daily Records'!$G$4:$G$369,'Daily Records'!$A$4:$A$369,">="&B15,'Daily Records'!$A$4:$A$369,"<="&C15)) | H15: =IF(B15="","",G15/Settings!$B$8) | I15: =IF(B15="","",H15*Settings!$B$11) | J15: =IF(B15="","",IF(F15=0,0,H15/F15)) | K15: =IF(B15="","",IF(D15=0,"Not Recorded",IF(F15=0,"Weekly Resets Only","Includes Extra Resets")))
A16: =IF(B16="","",TEXT(B16,"yyyy-mm")) | B16: =IF(B15="","",EDATE(B15,1)) | C16: =IF(B16="","",EDATE(B16,1)-1) | D16: =IF(B16="","",E16+F16) | E16: =IF(B16="","",COUNTIFS('Daily Records'!$A$4:$A$369,">="&B16,'Daily Records'!$A$4:$A$369,"<="&C16,'Daily Records'!$E$4:$E$369,"W")) | F16: =IF(B16="","",COUNTIFS('Daily Records'!$A$4:$A$369,">="&B16,'Daily Records'!$A$4:$A$369,"<="&C16,'Daily Records'!$D$4:$D$369,"<>")) | G16: =IF(B16="","",SUMIFS('Daily Records'!$G$4:$G$369,'Daily Records'!$A$4:$A$369,">="&B16,'Daily Records'!$A$4:$A$369,"<="&C16)) | H16: =IF(B16="","",G16/Settings!$B$8) | I16: =IF(B16="","",H16*Settings!$B$11) | J16: =IF(B16="","",IF(F16=0,0,H16/F16)) | K16: =IF(B16="","",IF(D16=0,"Not Recorded",IF(F16=0,"Weekly Resets Only","Includes Extra Resets")))
A17: =IF(B17="","",TEXT(B17,"yyyy-mm")) | B17: =IF(B16="","",EDATE(B16,1)) | C17: =IF(B17="","",EDATE(B17,1)-1) | D17: =IF(B17="","",E17+F17) | E17: =IF(B17="","",COUNTIFS('Daily Records'!$A$4:$A$369,">="&B17,'Daily Records'!$A$4:$A$369,"<="&C17,'Daily Records'!$E$4:$E$369,"W")) | F17: =IF(B17="","",COUNTIFS('Daily Records'!$A$4:$A$369,">="&B17,'Daily Records'!$A$4:$A$369,"<="&C17,'Daily Records'!$D$4:$D$369,"<>")) | G17: =IF(B17="","",SUMIFS('Daily Records'!$G$4:$G$369,'Daily Records'!$A$4:$A$369,">="&B17,'Daily Records'!$A$4:$A$369,"<="&C17)) | H17: =IF(B17="","",G17/Settings!$B$8) | I17: =IF(B17="","",H17*Settings!$B$11) | J17: =IF(B17="","",IF(F17=0,0,H17/F17)) | K17: =IF(B17="","",IF(D17=0,"Not Recorded",IF(F17=0,"Weekly Resets Only","Includes Extra Resets")))
A18: =IF(B18="","",TEXT(B18,"yyyy-mm")) | B18: =IF(B17="","",EDATE(B17,1)) | C18: =IF(B18="","",EDATE(B18,1)-1) | D18: =IF(B18="","",E18+F18) | E18: =IF(B18="","",COUNTIFS('Daily Records'!$A$4:$A$369,">="&B18,'Daily Records'!$A$4:$A$369,"<="&C18,'Daily Records'!$E$4:$E$369,"W")) | F18: =IF(B18="","",COUNTIFS('Daily Records'!$A$4:$A$369,">="&B18,'Daily Records'!$A$4:$A$369,"<="&C18,'Daily Records'!$D$4:$D$369,"<>")) | G18: =IF(B18="","",SUMIFS('Daily Records'!$G$4:$G$369,'Daily Records'!$A$4:$A$369,">="&B18,'Daily Records'!$A$4:$A$369,"<="&C18)) | H18: =IF(B18="","",G18/Settings!$B$8) | I18: =IF(B18="","",H18*Settings!$B$11) | J18: =IF(B18="","",IF(F18=0,0,H18/F18)) | K18: =IF(B18="","",IF(D18=0,"Not Recorded",IF(F18=0,"Weekly Resets Only","Includes Extra Resets")))
A21: How to Use
A22: 1 | B22: Open the daily log and locate the date when the reset occurred.
A23: 2 | B23: In "Manual Reset", enter: T = Tibo Global, B = Banked, P = Paid, O = Other
A24: 3 | B24: Everything else is calculated automatically; the monthly summary updates automatically.
A26: Core Formulas | B26: Single reset benefit rate = days brought forward ÷ 7;
B27: Monthly equivalent extra reset count = cumulative days brought forward ÷ 7.
